inventory_id,medication_id,hospital_id,stock_quantity,batch_number,expiry_date,reorder_level,last_restocked_date
INV_0001,MED_001,HOSP_001,860,BATCH_OY620,2028-05-31,500,2026-08-29
INV_0002,MED_002,HOSP_001,59,BATCH_MA735,2028-04-25,400,2026-08-07
INV_0003,MED_003,HOSP_001,129,BATCH_MR980,2027-04-23,600,2026-08-17
INV_0004,MED_004,HOSP_001,31,BATCH_BG442,2028-08-23,300,2026-08-09
INV_0005,MED_005,HOSP_001,46,BATCH_PD531,2028-01-14,350,2026-08-30
INV_0006,MED_006,HOSP_001,48,BATCH_GP309,2027-03-01,400,2026-09-06
INV_0007,MED_007,HOSP_001,474,BATCH_SG477,2027-05-22,450,2026-09-04
INV_0008,MED_008,HOSP_001,266,BATCH_HI380,2027-07-09,300,2026-09-26
INV_0009,MED_009,HOSP_001,982,BATCH_IN884,2028-04-26,800,2026-09-09
INV_0010,MED_010,HOSP_001,568,BATCH_WF186,2026-12-20,100,2026-09-11
INV_0011,MED_011,HOSP_001,135,BATCH_UA032,2028-09-22,80,2026-09-20
INV_0012,MED_012,HOSP_001,751,BATCH_RK837,2027-11-19,120,2026-08-28
INV_0013,MED_001,HOSP_002,701,BATCH_LR949,2027-10-19,500,2026-08-17
INV_0014,MED_002,HOSP_002,882,BATCH_NQ755,2027-07-02,400,2026-08-18
INV_0015,MED_003,HOSP_002,1142,BATCH_WL272,2027-03-10,600,2026-09-21
INV_0016,MED_004,HOSP_002,1006,BATCH_CD589,2027-06-15,300,2026/08/23 00:00:00
INV_0017,MED_005,HOSP_002,87,BATCH_JI221,2027-10-20,350,2026-09-24
INV_0018,MED_006,HOSP_002,916,BATCH_EV905,2027-01-14,400,2026-08-08
INV_0019,MED_007,HOSP_002,397,BATCH_AF681,2027-01-11,450,2026-08-21
INV_0020,MED_008,HOSP_002,540,BATCH_SD901,2028-01-09,300,2026-09-19
INV_0021,MED_009,HOSP_002,237,BATCH_MQ378,2027-05-09,800,2026-08-16
INV_0022,MED_010,HOSP_002,404,BATCH_TJ985,2026-12-12,100,2026-09-23
INV_0023,MED_011,HOSP_002,1130,,11-06-2028,80,2026-08-23
INV_0024,MED_012,HOSP_002,554,BATCH_CK051,12-02-2027,120,2026-08-09
INV_0025,MED_001,HOSP_003,445,BATCH_TD422,2028-05-25,500,2026-09-14
INV_0026,MED_002,HOSP_003,671,BATCH_DS567,2027-09-21,400,2026-09-06
INV_0027,MED_003,HOSP_003,465,BATCH_IJ276,2028-07-13,600,2026-09-15
INV_0028,MED_004,HOSP_003,37,BATCH_LV392,2028-02-28,300,2026-08-23
INV_0029,MED_005,HOSP_003,839,BATCH_DW028,2027-10-15,350,2026-08-12
INV_0030,MED_006,HOSP_003,114,BATCH_ZJ308,2028-01-16,400,2026-08-17
INV_0031,MED_007,HOSP_003,646,BATCH_RK004,2028-06-19,450,2026-08-27
INV_0032,MED_008,HOSP_003,40,BATCH_NL293,2026-12-06,300,2026-08-26
INV_0033,MED_009,HOSP_003,380,BATCH_NR885,2028-02-18,800,2026-08-31
INV_0034,MED_010,HOSP_003,405,BATCH_MP118,2027-02-07,100,2026-09-04
INV_0035,MED_011,HOSP_003,840,BATCH_NQ827,2027-01-11,80,2026-09-17
INV_0036,MED_012,HOSP_003,461,BATCH_RC157,2028-02-28,120,2026-09-18
INV_0037,MED_001,HOSP_004,898,BATCH_LB061,2028-03-07,500,2026-08-17
INV_0038,MED_002,HOSP_004,62,BATCH_BI858,2027-08-31,400,2026-09-30
INV_0039,MED_003,HOSP_004,389,BATCH_LR603,2028-08-31,600,2026-09-20
INV_0040,MED_004,HOSP_004,369,BATCH_XL470,2027-08-07,300,2026-09-24
INV_0041,MED_005,HOSP_004,1095,BATCH_FA194,2027-06-27,350,2026-08-10
INV_0042,MED_006,HOSP_004,145,BATCH_PK983,2027-07-13,400,2026-09-19
INV_0043,MED_007,HOSP_004,500,BATCH_FF821,2027-09-15,450,09/30/2026
INV_0044,MED_008,HOSP_004,212,BATCH_YM574,2027-02-14,300,2026-08-20
INV_0045,MED_009,HOSP_004,654,BATCH_BD903,2027-04-25,800,2026-09-12
INV_0046,MED_010,HOSP_004,1152,BATCH_NV426,2027-08-08,100,2026-09-21
INV_0047,MED_011,HOSP_004,13,BATCH_MR241,12-07-2027,80,2026-08-10
INV_0048,MED_012,HOSP_004,43,BATCH_LC774,2027-09-15,120,2026-09-02
INV_0049,MED_001,HOSP_005,862,BATCH_SZ396,2027-02-05,500,2026-09-23
INV_0050,MED_002,HOSP_005,1074,BATCH_EW781,2027-01-09,400,2026-09-09
INV_0051,MED_003,HOSP_005,873,BATCH_MS981,2026-11-12,600,2026-08-22
INV_0052,MED_004,HOSP_005,1199,,2027-09-16,300,2026-08-30
INV_0053,MED_005,HOSP_005,21,BATCH_PM353,2027-05-20,350,2026-09-01
INV_0054,MED_006,HOSP_005,99,BATCH_QR444,2028-08-16,400,2026-09-22
INV_0055,MED_007,HOSP_005,634,BATCH_KI496,2027-02-07,450,2026-08-18
INV_0056,MED_008,HOSP_005,134,BATCH_FE047,2027-05-06,300,2026-09-06
INV_0057,MED_009,HOSP_005,175,BATCH_PM034,2027-01-15,800,2026-09-29
INV_0058,MED_010,HOSP_005,428,BATCH_UG037,2027-09-27,100,2026/08/22 00:00:00
INV_0059,MED_011,HOSP_005,23,BATCH_LK538,2028-07-03,80,2026-09-19
INV_0060,MED_012,HOSP_005,92,BATCH_VI782,2027-05-01,120,15-09-2026
INV_0002,MED_002,HOSP_001,59,BATCH_MA735,2028-04-25,400,2026-08-07
